{
    "1": {
        "email": "dayan@gmail.com",
        "name": "Dayan D",
        "description": "This is the description for Dayan D",
        "location": "Galle"
    },

    "2": {
        "email": "akiladayan@gmail.com",
        "name": "Akila A",
        "description": "This is the description for Dayan D",
        "location": "Colombo"
    },
     "3": {
        "email": "errtdayan@gmail.com",
        "name": "Shehan L",
        "description": "This is the description for Dayan D",
        "location": "Galle"
    },
     "4": {
        "email": "334dayan@gmail.com",
        "name": "Dayan D",
        "description": "This is the description for Dayan D",
        "location": "Galle"
    },
     "5": {
        "email": "da332yan@gmail.com",
        "name": "Dayan D",
        "description": "This is the description for Dayan D",
        "location": "Galle"
    },
     "6": {
        "email": "daya443n@gmail.com",
        "name": "Dayan D",
        "description": "This is the description for Dayan D",
        "location": "Galle"
    },
     "7": {
        "email": "day223an@gmail.com",
        "name": "Dayan D",
        "description": "This is the description for Dayan D",
        "location": "Galle"
    },
     "8": {
        "email": "day33an@gmail.com",
        "name": "Dayan D",
        "description": "This is the description for Dayan D",
        "location": "Galle"
    },
     "9": {
        "email": "daya22n@gmail.com",
        "name": "Dayan D",
        "description": "This is the description for Dayan D",
        "location": "Galle"
    },
     "10": {
        "email": "daya22n@gmail.com",
        "name": "Dayan D",
        "description": "This is the description for Dayan D",
        "location": "Galle"
    },
     "11": {
        "email": "day33an@gmail.com",
        "name": "Dayan D",
        "description": "This is the description for Dayan D",
        "location": "Galle"
    },
     "12": {
        "email": "day44an@gmail.com",
        "name": "Dayan D",
        "description": "This is the description for Dayan D",
        "location": "Galle"
    },
     "13": {
        "email": "da22yan@gmail.com",
        "name": "Dayan D",
        "description": "This is the description for Dayan D",
        "location": "Galle"
    },
     "14": {
        "email": "d33ayan@gmail.com",
        "name": "Dayan D",
        "description": "This is the description for Dayan D",
        "location": "Galle"
    },
     "15": {
        "email": "d11ayan@gmail.com",
        "name": "Dayan D",
        "description": "This is the description for Dayan D",
        "location": "Galle"
    },
     "16": {
        "email": "da33yan@gmail.com",
        "name": "Dayan D",
        "description": "This is the description for Dayan D",
        "location": "Galle"
    },
     "17": {
        "email": "da44yan@gmail.com",
        "name": "Dayan D",
        "description": "This is the description for Dayan D",
        "location": "Galle"
    },
    "18": {
        "email": "d55ayan@gmail.com",
        "name": "Dayan D",
        "description": "This is the description for Dayan D",
        "location": "Galle"
    },

    "19": {
        "email": "d66ayan@gmail.com",
        "name": "Dayan D",
        "description": "This is the description for Dayan D",
        "location": "Galle"
    },
     "20": {
        "email": "da55yan@gmail.com",
        "name": "Dayan D",
        "description": "This is the description for Dayan D",
        "location": "Galle"
    },
     "21": {
        "email": "d22ayan@gmail.com",
        "name": "Dayan D",
        "description": "This is the description for Dayan D",
        "location": "Galle"
    },
     "22": {
        "email": "da44yan@gmail.com",
        "name": "Dayan D",
        "description": "This is the description for Dayan D",
        "location": "Galle"
    },
     "23": {
        "email": "d2ayan@gmail.com",
        "name": "Dayan D",
        "description": "This is the description for Dayan D",
        "location": "Galle"
    },
     "24": {
        "email": "da3yan@gmail.com",
        "name": "Dayan D",
        "description": "This is the description for Dayan D",
        "location": "Galle"
    },
     "25": {
        "email": "day32an@gmail.com",
        "name": "Dayan D",
        "description": "This is the description for Dayan D",
        "location": "Galle"
    },
     "26": {
        "email": "day322an@gmail.com",
        "name": "Dayan D",
        "description": "This is the description for Dayan D",
        "location": "Galle"
    },
     "27": {
        "email": "da43yan@gmail.com",
        "name": "Dayan D",
        "description": "This is the description for Dayan D",
        "location": "Galle"
    },
     "28": {
        "email": "da22yan@gmail.com",
        "name": "Dayan D",
        "description": "This is the description for Dayan D",
        "location": "Galle"
    },
     "29": {
        "email": "da431yan@gmail.com",
        "name": "Dayan D",
        "description": "This is the description for Dayan D",
        "location": "Galle"
    },
     "30": {
        "email": "d58ayan@gmail.com",
        "name": "Dayan D",
        "description": "This is the description for Dayan D",
        "location": "Galle"
    },
     "31": {
        "email": "da56yan@gmail.com",
        "name": "Dayan D",
        "description": "This is the description for Dayan D",
        "location": "Galle"
    },
     "32": {
        "email": "da54yan@gmail.com",
        "name": "Dayan D",
        "description": "This is the description for Dayan D",
        "location": "Galle"
    },
     "33": {
        "email": "daya57n@gmail.com",
        "name": "Dayan D",
        "description": "This is the description for Dayan D",
        "location": "Galle"
    },
     "34": {
        "email": "daya50n@gmail.com",
        "name": "Dayan D",
        "description": "This is the description for Dayan D",
        "location": "Galle"
    },
    "35": {
        "email": "daya21n@gmail.com",
        "name": "Dayan D",
        "description": "This is the description for Dayan D",
        "location": "Galle"
    },

    "36": {
        "email": "da300yan@gmail.com",
        "name": "Dayan D",
        "description": "This is the description for Dayan D",
        "location": "Galle"
    },
     "37": {
        "email": "daya200n@gmail.com",
        "name": "Dayan D",
        "description": "This is the description for Dayan D",
        "location": "Galle"
    },
     "38": {
        "email": "day201an@gmail.com",
        "name": "Dayan D",
        "description": "This is the description for Dayan D",
        "location": "Galle"
    },
     "39": {
        "email": "day264an@gmail.com",
        "name": "Dayan D",
        "description": "This is the description for Dayan D",
        "location": "Galle"
    },
     "40": {
        "email": "da2467yan@gmail.com",
        "name": "Dayan D",
        "description": "This is the description for Dayan D",
        "location": "Galle"
    },
     "41": {
        "email": "da5632yan@gmail.com",
        "name": "Dayan D",
        "description": "This is the description for Dayan D",
        "location": "Galle"
    },
     "42": {
        "email": "d1254ayan@gmail.com",
        "name": "Dayan D",
        "description": "This is the description for Dayan D",
        "location": "Galle"
    },
     "43": {
        "email": "d4565ayan@gmail.com",
        "name": "Dayan D",
        "description": "This is the description for Dayan D",
        "location": "Galle"
    },
     "44": {
        "email": "d567ayan@gmail.com",
        "name": "Dayan D",
        "description": "This is the description for Dayan D",
        "location": "Galle"
    },
     "45": {
        "email": "da6521yan@gmail.com",
        "name": "Dayan D",
        "description": "This is the description for Dayan D",
        "location": "Galle"
    },
     "46": {
        "email": "da3254yan@gmail.com",
        "name": "Dayan D",
        "description": "This is the description for Dayan D",
        "location": "Galle"
    },
     "47": {
        "email": "da3245yan@gmail.com",
        "name": "Dayan D",
        "description": "This is the description for Dayan D",
        "location": "Galle"
    },
     "48": {
        "email": "day5645an@gmail.com",
        "name": "Dayan D",
        "description": "This is the description for Dayan D",
        "location": "Galle"
    },
     "49": {
        "email": "da875yan@gmail.com",
        "name": "Dayan D",
        "description": "This is the description for Dayan D",
        "location": "Galle"
    },
     "50": {
        "email": "daya887n@gmail.com",
        "name": "Dayan D",
        "description": "This is the description for Dayan D",
        "location": "Galle"
    },
     "51": {
        "email": "day7an@gmail.com",
        "name": "Dayan D",
        "description": "This is the description for Dayan D",
        "location": "Galle"
    },
    "52": {
        "email": "da874yan@gmail.com",
        "name": "Dayan D",
        "description": "This is the description for Dayan D",
        "location": "Galle"
    },

    "53": {
        "email": "d8965ayan@gmail.com",
        "name": "Dayan D",
        "description": "This is the description for Dayan D",
        "location": "Galle"
    },
     "54": {
        "email": "day7831an@gmail.com",
        "name": "Dayan D",
        "description": "This is the description for Dayan D",
        "location": "Galle"
    },
     "55": {
        "email": "da5631yan@gmail.com",
        "name": "Dayan D",
        "description": "This is the description for Dayan D",
        "location": "Galle"
    },
     "56": {
        "email": "day3154an@gmail.com",
        "name": "Dayan D",
        "description": "This is the description for Dayan D",
        "location": "Galle"
    },
     "57": {
        "email": "d2145ayan@gmail.com",
        "name": "Dayan D",
        "description": "This is the description for Dayan D",
        "location": "Galle"
    },
     "58": {
        "email": "day6547an@gmail.com",
        "name": "Dayan D",
        "description": "This is the description for Dayan D",
        "location": "Galle"
    },
     "59": {
        "email": "day456489an@gmail.com",
        "name": "Dayan D",
        "description": "This is the description for Dayan D",
        "location": "Galle"
    },
     "60": {
        "email": "da4563yan@gmail.com",
        "name": "Dayan D",
        "description": "This is the description for Dayan D",
        "location": "Galle"
    },
     "61": {
        "email": "da453135yan@gmail.com",
        "name": "Dayan D",
        "description": "This is the description for Dayan D",
        "location": "Galle"
    },
     "62": {
        "email": "d2437ayan@gmail.com",
        "name": "Dayan D",
        "description": "This is the description for Dayan D",
        "location": "Galle"
    },
     "63": {
        "email": "da5869yan@gmail.com",
        "name": "Dayan D",
        "description": "This is the description for Dayan D",
        "location": "Galle"
    },
     "64": {
        "email": "day5841an@gmail.com",
        "name": "Dayan D",
        "description": "This is the description for Dayan D",
        "location": "Galle"
    },
     "65": {
        "email": "day2569an@gmail.com",
        "name": "Dayan D",
        "description": "This is the description for Dayan D",
        "location": "Galle"
    },
     "66": {
        "email": "dayan@gmail.com",
        "name": "Dayan D",
        "description": "This is the description for Dayan D",
        "location": "Galle"
    },
     "67": {
        "email": "day245an@gmail.com",
        "name": "Dayan D",
        "description": "This is the description for Dayan D",
        "location": "Galle"
    },
     "68": {
        "email": "da257yan@gmail.com",
        "name": "Dayan D",
        "description": "This is the description for Dayan D",
        "location": "Galle"
    },
    "69": {
        "email": "day256an@gmail.com",
        "name": "Dayan D",
        "description": "This is the description for Dayan D",
        "location": "Galle"
    },

    "70": {
        "email": "daya275n@gmail.com",
        "name": "Dayan D",
        "description": "This is the description for Dayan D",
        "location": "Galle"
    },
     "71": {
        "email": "day271an@gmail.com",
        "name": "Dayan D",
        "description": "This is the description for Dayan D",
        "location": "Galle"
    },
     "72": {
        "email": "daya2758n@gmail.com",
        "name": "Dayan D",
        "description": "This is the description for Dayan D",
        "location": "Galle"
    },
     "73": {
        "email": "d147ayan@gmail.com",
        "name": "Dayan D",
        "description": "This is the description for Dayan D",
        "location": "Galle"
    },
     "74": {
        "email": "da1474yan@gmail.com",
        "name": "Dayan D",
        "description": "This is the description for Dayan D",
        "location": "Galle"
    },
     "77": {
        "email": "da1427yan@gmail.com",
        "name": "Dayan D",
        "description": "This is the description for Dayan D",
        "location": "Galle"
    },
     "78": {
        "email": "da654yan@gmail.com",
        "name": "Dayan D",
        "description": "This is the description for Dayan D",
        "location": "Galle"
    },
     "79": {
        "email": "day4562an@gmail.com",
        "name": "Dayan D",
        "description": "This is the description for Dayan D",
        "location": "Galle"
    },
     "80": {
        "email": "daya45682n@gmail.com",
        "name": "Dayan D",
        "description": "This is the description for Dayan D",
        "location": "Galle"
    },
     "81": {
        "email": "d452ayan@gmail.com",
        "name": "Dayan D",
        "description": "This is the description for Dayan D",
        "location": "Galle"
    },
     "82": {
        "email": "day4532an@gmail.com",
        "name": "Dayan D",
        "description": "This is the description for Dayan D",
        "location": "Galle"
    },
     "83": {
        "email": "da4532yan@gmail.com",
        "name": "Dayan D",
        "description": "This is the description for Dayan D",
        "location": "Galle"
    },
     "84": {
        "email": "d9874ayan@gmail.com",
        "name": "Dayan D",
        "description": "This is the description for Dayan D",
        "location": "Galle"
    },
     "85": {
        "email": "da45387yan@gmail.com",
        "name": "Dayan D",
        "description": "This is the description for Dayan D",
        "location": "Galle"
    },
     "86": {
        "email": "da543457yan@gmail.com",
        "name": "Dayan D",
        "description": "This is the description for Dayan D",
        "location": "Galle"
    },
     "87": {
        "email": "da4537yan@gmail.com",
        "name": "Dayan D",
        "description": "This is the description for Dayan D",
        "location": "Galle"
    },
    "88": {
        "email": "da1238yan@gmail.com",
        "name": "Dayan D",
        "description": "This is the description for Dayan D",
        "location": "Galle"
    },

    "89": {
        "email": "dayjbkan@gmail.com",
        "name": "Dayan D",
        "description": "This is the description for Dayan D",
        "location": "Galle"
    },
     "90": {
        "email": "daysefsean@gmail.com",
        "name": "Dayan D",
        "description": "This is the description for Dayan D",
        "location": "Galle"
    },
     "91": {
        "email": "daysefran@gmail.com",
        "name": "Dayan D",
        "description": "This is the description for Dayan D",
        "location": "Galle"
    },
     "92": {
        "email": "dayssefan@gmail.com",
        "name": "Dayan D",
        "description": "This is the description for Dayan D",
        "location": "Galle"
    },
     "93": {
        "email": "daesrteyan@gmail.com",
        "name": "Dayan D",
        "description": "This is the description for Dayan D",
        "location": "Galle"
    },
     "94": {
        "email": "dsveeeeeeeeeeefgyan@gmail.com",
        "name": "Dayan D",
        "description": "This is the description for Dayan D",
        "location": "Galle"
    },
     "95": {
        "email": "dsefgeayan@gmail.com",
        "name": "Dayan D",
        "description": "This is the description for Dayan D",
        "location": "Galle"
    },
     "96": {
        "email": "daysetesan@gmail.com",
        "name": "Dayan D",
        "description": "This is the description for Dayan D",
        "location": "Galle"
    },
     "97": {
        "email": "duythjgyayan@gmail.com",
        "name": "Dayan D",
        "description": "This is the description for Dayan D",
        "location": "Galle"
    },
     "98": {
        "email": "ddrgrvbrdayan@gmail.com",
        "name": "Dayan D",
        "description": "This is the description for Dayan D",
        "location": "Galle"
    },
     "99": {
        "email": "dadrgnrdgyan@gmail.com",
        "name": "Dayan D",
        "description": "This is the description for Dayan D",
        "location": "Galle"
    },
     "100": {
        "email": "dadrgbdrngdyan@gmail.com",
        "name": "Dayan D",
        "description": "This is the description for Dayan D",
        "location": "Galle"
    },
     "101": {
        "email": "dnrgdnhdayan@gmail.com",
        "name": "Dayan D",
        "description": "This is the description for Dayan D",
        "location": "Galle"
    },
     "102": {
        "email": "danrgrdgnyan@gmail.com",
        "name": "Dayan D",
        "description": "This is the description for Dayan D",
        "location": "Galle"
    },
     "103": {
        "email": "daybdfhdtan@gmail.com",
        "name": "Dayan D",
        "description": "This is the description for Dayan D",
        "location": "Galle"
    },
     "104": {
        "email": "daghfdhbfyan@gmail.com",
        "name": "Dayan D",
        "description": "This is the description for Dayan D",
        "location": "Galle"
    },
    "105": {
        "email": "daybdfbdfhfgan@gmail.com",
        "name": "Dayan D",
        "description": "This is the description for Dayan D",
        "location": "Galle"
    },

    "106": {
        "email": "dahgngdfyan@gmail.com",
        "name": "Dayan D",
        "description": "This is the description for Dayan D",
        "location": "Galle"
    },
     "107": {
        "email": "daybgdfan@gmail.com",
        "name": "Dayan D",
        "description": "This is the description for Dayan D",
        "location": "Galle"
    },
     "108": {
        "email": "dagbfdnyan@gmail.com",
        "name": "Dayan D",
        "description": "This is the description for Dayan D",
        "location": "Galle"
    },
     "109": {
        "email": "daybdfcvxfan@gmail.com",
        "name": "Dnhayan D",
        "description": "This is the description for Dayan D",
        "location": "Galle"
    },
     "110": {
        "email": "dbdhrdbfbayan@gmail.com",
        "name": "Dabgyan D",
        "description": "This is the description for Dayan D",
        "location": "Galle"
    },
     "111": {
        "email": "dayngcgnttttttttttttttttan@gmail.com",
        "name": "Dayadfvn D",
        "description": "This is the description for Dayan D",
        "location": "Galle"
    },
     "112": {
        "email": "dabdrbrgxrggyan@gmail.com",
        "name": "Daydfvan D",
        "description": "This is the description for Dayan D",
        "location": "Galle"
    },
     "113": {
        "email": "dabrdgrbgdyan@gmail.com",
        "name": "Dadfvyan D",
        "description": "This is the description for Dayan D",
        "location": "Galle"
    },
     "114": {
        "email": "dabgrdhdbrgyan@gmail.com",
        "name": "Dadfyan D",
        "description": "This is the description for Dayan D",
        "location": "Galle"
    },
     "115": {
        "email": "dabgdrxgrhtdyan@gmail.com",
        "name": "Daydfan D",
        "description": "This is the description for Dayan D",
        "location": "Galle"
    },
     "116": {
        "email": "dabdrbbtttttdbyan@gmail.com",
        "name": "Daydfvan D",
        "description": "This is the description for Dayan D",
        "location": "Galle"
    },
     "117": {
        "email": "daydjftan@gmail.com",
        "name": "Daydfan D",
        "description": "This is the description for Dayan D",
        "location": "Galle"
    },
     "118": {
        "email": "dayftan@gmail.com",
        "name": "Dadgbyan D",
        "description": "This is the description for Dayan D",
        "location": "Galle"
    },
     "119": {
        "email": "dafyan@gmail.com",
        "name": "Dadgbyan D",
        "description": "This is the description for Dayan D",
        "location": "Galle"
    },
     "120": {
        "email": "dahyan@gmail.com",
        "name": "Daybran D",
        "description": "This is the description for Dayan D",
        "location": "Galle"
    },
     "121": {
        "email": "dayhan@gmail.com",
        "name": "Dayagdn D",
        "description": "This is the description for Dayan D",
        "location": "Galle"
    },
    "122": {
        "email": "dayfhan@gmail.com",
        "name": "Dayscan D",
        "description": "This is the description for Dayan D",
        "location": "Galle"
    },

    "123": {
        "email": "dayhtftean@gmail.com",
        "name": "Dadecyan D",
        "description": "This is the description for Dayan D",
        "location": "Galle"
    },
     "124": {
        "email": "dayaytn@gmail.com",
        "name": "Dayadan D",
        "description": "This is the description for Dayan D",
        "location": "Galle"
    },
     "125": {
        "email": "dayaghnmvn@gmail.com",
        "name": "Daydean D",
        "description": "This is the description for Dayan D",
        "location": "Galle"
    }
}