{
    "1": 
    {
        "name": "Hotel Royal",
        "description": "This is Hotel Royal"
    },
    "2":
    {
        "name": "Hotel Royal",
        "description": "This is Hotel Royal"
    },
    "3":
    {
        "name": "Hotel Royal second",
        "description": "This is Hotel Royal"
    },
    "4":
    {
        "name": "Hotel Royal Hikka",
        "description": "This is Hotel Royal"
    },
    "5":
    {
        "name": "Hotel Royal Test",
        "description": "This is Hotel Royal"
    },
    "6":
    {
        "name": "Hotel Royal Times",
        "description": "This is Hotel Royal"
    },
    "7":
    {
        "name": "Hotel Royal Times Added",
        "description": "This is Hotel Royal"
    }
}